mean,scale
1.0363210225092587,0.5470886688974316
